-- Fixed UUIDs for predictable joins in practice
-- Users
INSERT INTO users (id, email, password_hash, name, role, created_at) VALUES
  ('a0000001-0001-0000-0000-000000000001', 'anna@example.com', '$2a$10$dummy1', 'Anna Kovalenko', 'user', '2024-01-15 10:00:00+00'),
  ('a0000001-0001-0000-0000-000000000002', 'bohdan@example.com', '$2a$10$dummy2', 'Bohdan Shevchenko', 'user', '2024-02-01 12:30:00+00'),
  ('a0000001-0001-0000-0000-000000000003', 'maria@example.com', '$2a$10$dummy3', 'Maria Petrenko', 'admin', '2024-02-10 09:15:00+00'),
  ('a0000001-0001-0000-0000-000000000004', 'oleksiy@example.com', '$2a$10$dummy4', 'Oleksiy Melnyk', 'user', '2024-03-05 14:00:00+00'),
  ('a0000001-0001-0000-0000-000000000005', 'yulia@example.com', '$2a$10$dummy5', 'Yulia Kravchenko', 'user', '2024-03-20 08:45:00+00'),
  ('a0000001-0001-0000-0000-000000000006', 'andriy@example.com', '$2a$10$dummy6', 'Andriy Tkachenko', 'user', '2024-04-01 11:20:00+00');

-- Books (external_id = ISBN-like for uniqueness)
INSERT INTO books (id, external_id, title, author, cover_url, description, avg_rating, review_count, created_at) VALUES
  ('b0000001-0001-0000-0000-000000000001', '978-0-13-235088-4', 'Clean Code', 'Robert C. Martin', 'https://example.com/covers/clean-code.jpg', 'A Handbook of Agile Software Craftsmanship.', 4.45, 3, '2024-01-01 00:00:00+00'),
  ('b0000001-0001-0000-0000-000000000002', '978-0-201-63361-0', 'Design Patterns', 'Gang of Four', NULL, 'Elements of Reusable Object-Oriented Software.', 4.20, 2, '2024-01-02 00:00:00+00'),
  ('b0000001-0001-0000-0000-000000000003', '978-0-13-468599-1', 'Effective Java', 'Joshua Bloch', 'https://example.com/covers/effective-java.jpg', 'Best practices for the Java platform.', 4.55, 4, '2024-01-03 00:00:00+00'),
  ('b0000001-0001-0000-0000-000000000004', '978-0-596-52068-7', 'Learning SQL', 'Alan Beaulieu', NULL, 'Generate, manipulate, and retrieve data.', 4.10, 2, '2024-01-04 00:00:00+00'),
  ('b0000001-0001-0000-0000-000000000005', '978-1-491-90168-7', 'PostgreSQL: Up and Running', 'Regina Obe', 'https://example.com/covers/pg-up.jpg', 'A practical guide to PostgreSQL.', 4.30, 1, '2024-01-05 00:00:00+00'),
  ('b0000001-0001-0000-0000-000000000006', '978-0-262-03384-8', 'Introduction to Algorithms', 'CLRS', NULL, 'Classic algorithms and data structures.', 4.65, 2, '2024-01-06 00:00:00+00'),
  ('b0000001-0001-0000-0000-000000000007', '978-0-13-708107-3', 'The Pragmatic Programmer', 'Hunt & Thomas', NULL, 'Your journey to mastery.', 4.50, 3, '2024-01-07 00:00:00+00'),
  ('b0000001-0001-0000-0000-000000000008', '978-1-449-33594-8', 'RESTful Web APIs', 'Leonard Richardson', NULL, 'Services for a changing world.', 4.00, 1, '2024-01-08 00:00:00+00');

-- Reading statuses (user_id, book_id, status)
INSERT INTO reading_statuses (user_id, book_id, status, updated_at) VALUES
  ('a0000001-0001-0000-0000-000000000001', 'b0000001-0001-0000-0000-000000000001', 'completed', '2024-02-01 10:00:00+00'),
  ('a0000001-0001-0000-0000-000000000001', 'b0000001-0001-0000-0000-000000000003', 'reading', '2024-03-15 12:00:00+00'),
  ('a0000001-0001-0000-0000-000000000001', 'b0000001-0001-0000-0000-000000000006', 'planned', '2024-04-01 09:00:00+00'),
  ('a0000001-0001-0000-0000-000000000002', 'b0000001-0001-0000-0000-000000000001', 'completed', '2024-02-20 14:00:00+00'),
  ('a0000001-0001-0000-0000-000000000002', 'b0000001-0001-0000-0000-000000000002', 'reading', '2024-04-05 11:00:00+00'),
  ('a0000001-0001-0000-0000-000000000003', 'b0000001-0001-0000-0000-000000000003', 'completed', '2024-03-01 08:00:00+00'),
  ('a0000001-0001-0000-0000-000000000003', 'b0000001-0001-0000-0000-000000000005', 'completed', '2024-03-10 16:00:00+00'),
  ('a0000001-0001-0000-0000-000000000004', 'b0000001-0001-0000-0000-000000000004', 'reading', '2024-04-01 10:00:00+00'),
  ('a0000001-0001-0000-0000-000000000005', 'b0000001-0001-0000-0000-000000000001', 'completed', '2024-03-25 13:00:00+00'),
  ('a0000001-0001-0000-0000-000000000005', 'b0000001-0001-0000-0000-000000000007', 'reading', '2024-04-10 09:30:00+00'),
  ('a0000001-0001-0000-0000-000000000006', 'b0000001-0001-0000-0000-000000000007', 'planned', '2024-04-12 11:00:00+00');

-- Reviews (user_id, book_id, text, created_at)
INSERT INTO reviews (user_id, book_id, text, created_at) VALUES
  ('a0000001-0001-0000-0000-000000000001', 'b0000001-0001-0000-0000-000000000001', 'Must-read for every developer. Clear and practical.', '2024-02-02 10:00:00+00'),
  ('a0000001-0001-0000-0000-000000000002', 'b0000001-0001-0000-0000-000000000001', 'A bit dry in places but full of good advice.', '2024-02-21 14:00:00+00'),
  ('a0000001-0001-0000-0000-000000000005', 'b0000001-0001-0000-0000-000000000001', 'Changed how I write code. Highly recommend.', '2024-03-26 13:00:00+00'),
  ('a0000001-0001-0000-0000-000000000002', 'b0000001-0001-0000-0000-000000000002', 'Classic reference. Keep it on your desk.', '2024-04-06 11:00:00+00'),
  ('a0000001-0001-0000-000000000003', 'b0000001-0001-0000-0000-000000000003', 'Best Java book I have read. Every chapter is gold.', '2024-03-02 08:00:00+00'),
  ('a0000001-0001-0000-0000-000000000001', 'b0000001-0001-0000-0000-000000000003', 'Dense but worth it. Use it as a reference.', '2024-03-20 12:00:00+00'),
  ('a0000001-0001-0000-0000-000000000004', 'b0000001-0001-0000-0000-000000000003', 'Essential for Java developers.', '2024-04-02 10:00:00+00'),
  ('a0000001-0001-0000-0000-000000000006', 'b0000001-0001-0000-0000-000000000003', 'Updated edition is great. Covers modern Java.', '2024-04-15 09:00:00+00'),
  ('a0000001-0001-0000-0000-000000000003', 'b0000001-0001-0000-0000-000000000005', 'Good intro to PostgreSQL and extensions.', '2024-03-11 16:00:00+00'),
  ('a0000001-0001-0000-0000-000000000004', 'b0000001-0001-0000-0000-000000000004', 'Solid SQL foundations. Exercises help a lot.', '2024-04-03 10:00:00+00'),
  ('a0000001-0001-0000-0000-000000000001', 'b0000001-0001-0000-0000-000000000007', 'Pragmatic advice you can use every day.', '2024-04-11 09:30:00+00'),
  ('a0000001-0001-0000-0000-000000000005', 'b0000001-0001-0000-0000-000000000007', 'Short tips, long-term impact.', '2024-04-12 10:00:00+00'),
  ('a0000001-0001-0000-0000-000000000003', 'b0000001-0001-0000-0000-000000000007', 'One of the best programming books ever.', '2024-03-25 11:00:00+00'),
  ('a0000001-0001-0000-0000-000000000002', 'b0000001-0001-0000-0000-000000000006', 'Heavy but comprehensive. Worth the time.', '2024-04-08 15:00:00+00'),
  ('a0000001-0001-0000-0000-0000-000000000006', 'b0000001-0001-0000-0000-000000000008', 'Good REST and API design concepts.', '2024-04-18 12:00:00+00');

-- Ratings (user_id, book_id, value 1–5)
INSERT INTO ratings (user_id, book_id, value, created_at) VALUES
  ('a0000001-0001-0000-0000-000000000001', 'b0000001-0001-0000-0000-000000000001', 5, '2024-02-02 10:00:00+00'),
  ('a0000001-0001-0000-0000-000000000002', 'b0000001-0001-0000-0000-000000000001', 4, '2024-02-21 14:00:00+00'),
  ('a0000001-0001-0000-0000-000000000005', 'b0000001-0001-0000-0000-000000000001', 5, '2024-03-26 13:00:00+00'),
  ('a0000001-0001-0000-0000-000000000002', 'b0000001-0001-0000-0000-000000000002', 4, '2024-04-06 11:00:00+00'),
  ('a0000001-0001-0000-0000-000000000003', 'b0000001-0001-0000-0000-000000000003', 5, '2024-03-02 08:00:00+00'),
  ('a0000001-0001-0000-0000-000000000001', 'b0000001-0001-0000-0000-000000000003', 4, '2024-03-20 12:00:00+00'),
  ('a0000001-0001-0000-0000-000000000004', 'b0000001-0001-0000-0000-000000000003', 5, '2024-04-02 10:00:00+00'),
  ('a0000001-0001-0000-0000-000000000006', 'b0000001-0001-0000-0000-000000000003', 5, '2024-04-15 09:00:00+00'),
  ('a0000001-0001-0000-0000-000000000003', 'b0000001-0001-0000-0000-000000000005', 4, '2024-03-11 16:00:00+00'),
  ('a0000001-0001-0000-0000-000000000004', 'b0000001-0000-0000-000000000004', 4, '2024-04-03 10:00:00+00'),
  ('a0000001-0001-0000-0000-000000000001', 'b0000001-0001-0000-0000-000000000007', 5, '2024-04-11 09:30:00+00'),
  ('a0000001-0001-0000-0000-000000000005', 'b0000001-0001-0000-0000-000000000007', 4, '2024-04-12 10:00:00+00'),
  ('a0000001-0001-0000-0000-000000000003', 'b0000001-0001-0000-0000-000000000007', 5, '2024-03-25 11:00:00+00'),
  ('a0000001-0001-0000-0000-000000000002', 'b0000001-0001-0000-0000-000000000006', 5, '2024-04-08 15:00:00+00'),
  ('a0000001-0001-0000-0000-000000000001', 'b0000001-0001-0000-0000-000000000006', 4, '2024-04-05 14:00:00+00'),
  ('a0000001-0001-0000-0000-000000000006', 'b0000001-0001-0000-0000-000000000008', 4, '2024-04-18 12:00:00+00');

-- Favorites (user_id, book_id)
INSERT INTO favorites (user_id, book_id, created_at) VALUES
  ('a0000001-0001-0000-0000-000000000001', 'b0000001-0001-0000-0000-000000000001', '2024-02-01 10:00:00+00'),
  ('a0000001-0001-0000-0000-000000000001', 'b0000001-0001-0000-0000-000000000003', '2024-03-15 12:00:00+00'),
  ('a0000001-0001-0000-0000-000000000002', 'b0000001-0001-0000-0000-000000000001', '2024-02-20 14:00:00+00'),
  ('a0000001-0001-0000-0000-000000000002', 'b0000001-0001-0000-0000-000000000006', '2024-04-08 15:00:00+00'),
  ('a0000001-0001-0000-0000-000000000003', 'b0000001-0001-0000-0000-000000000003', '2024-03-01 08:00:00+00'),
  ('a0000001-0001-0000-0000-000000000003', 'b0000001-0001-0000-0000-000000000007', '2024-03-25 11:00:00+00'),
  ('a0000001-0001-0000-0000-000000000004', 'b0000001-0001-0000-0000-000000000004', '2024-04-01 10:00:00+00'),
  ('a0000001-0001-0000-0000-000000000005', 'b0000001-0001-0000-0000-000000000001', '2024-03-25 13:00:00+00'),
  ('a0000001-0001-0000-0000-000000000005', 'b0000001-0001-0000-0000-000000000007', '2024-04-10 09:30:00+00'),
  ('a0000001-0001-0000-0000-000000000006', 'b0000001-0001-0000-0000-000000000008', '2024-04-18 12:00:00+00');
